id;title
as680;the english civil war
ns2186;latte and the magic waterstone
hs2381;la diosa coronada
ns3663;frankenstein’s monster’s monster, frankenstein
as9500;kept woman
as3004;bookaboo uk
ns8282;the drowning
as6112;salome
hs327;chaos walking
ns1358;rocks
ns7360;lucky days
ns3980;charlie's colorforms city
ns128;a cinderella story
ns3830;malibu rescue
as5517;cannibal women in the avocado jungle of death
as1577;mr. robot
hs2056;biography: the trump dynasty
ns5413;criminal minds
as6909;mexican moon
as4340;bright hill road
as8902;good friday
hs871;mayans m.c.
ns5624;semana santa
ns8584;thorne: sleepyhead
as7193;the tangle
ds853;disney's the little mermaid (series)
ns1310;my teacher, my obsession
ns5228;the meyerowitz stories (new and selected)
ns5355;life plan a and b
hs1581;crawl
ns4446;kai po che!
ns8778;yes or no
ns2462;can't cope, won't cope
hs589;farmhouse facelift
as8906;cocomelon - kids songs and nursery rhymes
as2307;gorgeous aerial views
as2200;home and away
as2064;jalebi - the taste of everlasting love
ns3954;kicko & super speedo
ns3429;el camino: a breaking bad movie
ns3522;marianne
as7276;pirate treasure: 4k restored special edition
hs1914;into the ashes
as9455;europen people
ds139;beverly hills chihuahua 3: viva la fiesta!
ds319;marvel studios legends
ns7879;robotech
as9099;squirm
ns5772;murphy's law of love
ns4695;toilet: ek prem katha
as1246;psychic tia
hs653;changing the game
ns8641;tunisian victory
hs1531;hobbykidstv smiles & smarts by pocket.watch
as8113;nemesis game
ns4429;christmas with a view
ns8253;the competition
as6156;learning animals with johny - looloo kids
as9380;morphle halloween special - the halloween candy magic pet
ns5217;laws of attraction
hs2554;abc news specials
ns5600;rocky handsome
as1526;national lampoon's snatched
ns3136;fukrey
hs679;lavell crawford: the comedy vaccine
ds1137;planet of the birds
hs454;the connection
as3590;the limey
as6060;four senses
ns7019;how to make an american quilt
hs2716;black-ish en español
hs357;women's college volleyball
ns6155;an american tail: the treasures of manhattan island
hs1891;honeyland
ns6116;all about nina
as913;stalker
ns1457;into the wild
ns3600;colin quinn: red state blue state
as8621;the tribe
ns773;summertime
hs359;dream corp llc
hs1227;braking for whales
ds723;aliens of the deep
ns1690;loving
ns3279;sunganges
ds98;spidey and his amazing friends
as6877;the misadventures of mistress maneater
ns8044;smart people
ns840;the day i lost my shadow
as394;the wild horse redemption
ns1216;romantik komedi
hs2635;(sub) fafner: heaven and earth
ds1232;tangled before ever after
ns2862;ordinary world
hs1287;hot ones
as4402;adrift in soho
ns7995;shakti: the power
as5406;we all think we're special
ns36;the father who moves mountains
as8947;gauthamante radham
as9202;fatal contact: bird flu in america
as2594;eagle and the hawk
hs429;blue origin: civilians in space
as9647;knight and day (extended edition)
hs2615;i love you, america with sarah silverman
ns2426;the light of my eyes
ds57;rookie of the year
as3364;above & beyond
ns700;katla
as1301;pinkfong! wash your hands with baby shark
as9097;stargate
as7585;alice in wonderland
ns7123;jealousy and medicine
ns4169;examination of conscience
ns6894;grease
as8827;sunny
ns5029;mute
ns884;love, death & robots
as1825;lola & virginia (volume 2)
as8566;vanilla
ns3313;oththa seruppu size 7
ns7571;nature: raising the dinosaur giant
ns5263;terrace house: aloha state
ds341;gender revolution: a journey with katie couric
as3116;because we are girls
hs2852;shomin sample
ns6059;a sort of homecoming
hs1956;depraved
ns4182;patria
ns5741;they are everywhere
ns3385;revenge of the pontianak
as2174;how not to die
ns1021;madness in the desert
hs2485;neat: the story of bourbon
as1854;lincoln@gettysburg
as7520;he who can't marry
hs1070;criminal minds
as3411;a history of black achievement in america
as7661;neela malargal
as189;victorian farm
ds577;elephant
hs601;phobias
as7283;man beast
as8719;austin weird
ns7650;ollie & moon
as4924;the ultimate mixologist
as5856;horseland season 1
hs2265;the panama papers
ds1035;marvel rising: secret warriors
hs3022;school rumble
ns632;the seven deadly sins
ds663;drain the titanic
ns6275;behind the curtain: todrick hall
ns1703;fukrey boyzzz: space mein fukrapanti
as2834;clan of the white lotus
as5909;the cookie project
as2955;brothers o'toole
hs1467;free fall
ns6833;gemini
hs1956;depraved
hs2068;love & hip hop hollywood
ns695;aziza
as8336;casino.sk
ds1217;star wars: the empire strikes back (episode v)
ns3174;teasing master takagi-san
as4687;super sleuths - midsomer murders
ns2464;grandmother's farm
as1586;mr and miss
as9229;caveman
hs616;nasrin
ns7059;immoral tales
as3339;albion: the enchanted stallion
ns4651;show me the money
ns5530;slam
ds1088;mission to the sun
as6200;the shooting
ns1494;isa pa with feelings
ns2933;fronteras
as1381;paradise, hawaiian style
as3183;baby cat
as9240;bullets don't argue
ns3348;the king
ds1213;star wars: attack of the clones (episode ii)
ns2632;my secret romance
ns6601;devil's gate
ns8283;the drunk and on drugs happy funtime hour
as4149;frances
ns2627;the lift boy
hs2077;larrymania
as5400;fack ju goehte 3
as5932;lucky fred
ns710;millennials
hs2952;all saints (1998)
ns8125;super nani
ns5506;loev
hs1299;meghan and harry: baby fever
hs2774;children of the corn
ns2385;the show must go on: the queen + adam lambert story
as8949;elvira's movie macabre: the werewolf of washington (2010)
ns4801;tum milo toh sahi
as1535;mysteryquest
ns1144;worn stories
as522;the nativity
as1874;let's sing again
as8389;in the moon's shadow
ns6147;american odyssey
ns7124;jeopardy!
hs925;stop the hate: the rise in violence against asian americans
ns1911;good morning, verônica
as3647;code of thieves
as2878;chasing the crown: dreamers to streamers
ns7905;running for grace
ds893;float
hs1536;karina garcia smiles & smarts by pocket.watch
ns2858;calico critters mini episodes clover
as7423;await the dawn
as6197;the widow
ns6547;daagdi chaawl
ns4493;gnome alone
as5216;alejandro
ns5665;3 türken & ein baby
ns4145;sword art online alternative: gun gale online
as7722;murderous trance
as7046;bite me
ns1097;the last kids on earth: happy apocalypse to you
as4236;rio grande
as313;tokyo girl
hs212;on chesil beach
as1578;mr. reckless
as6766;pass the light
hs324;earth odyssey with dylan dreyer
ns7618;nova: the impossible flight
as6196;to catch a king
hs1546;90 day fiancé: the other way
ns4141;lego marvel super heroes: guardians of the galaxy
ns8595;tinker bell and the legend of the neverbeast
ns5828;lego bionicle: the journey to one
hs1553;ghost hunters
as6032;life itself
ds113;doogie kamealoha, m.d.
ns8101;strange but true
ns2219;norsemen
as777;the adventures of tintin
ns1469;what happened to mr. cha?
as4265;yuvarathnaa (telugu)
as1393;pagalpanti
ns751;tragic jungle
as559;the little match girl
as1934;king arthur's lost kingdom
hs1289;american pickers
as5652;one night in miami...
as5415;pinkfong! summer vacation
ns8038;sleepover
hs1134;mr. jones
ns6989;hombanna
ds124;marvel one-shot: all hail the king
as2706;de la vida al plato
as3142;bastard's crossing
as1428;one child
hs2971;daisy of love
as2804;comicstaan
ns6991;honey 2
ds246;earth moods
hs1894;c.b. strike
hs1637;women and sometimes men
ns3766;luka chuppi
as1725;maserati: a hundred years against all odds
as4900;rainbow rangers
as3860;greg warren: where the field corn grows
ns6593;den of thieves
ds960;ice princess
ns7277;leapfrog: numberland
ns1821;heritages
as1566;murphy's law
ns8225;the brawler
as8829;rifftrax: beast of the yellow night
as8625;the sleeper
as5176;predatory lender
ns4503;mr. chandramouli
hs808;the world ends with you: the animation
as3141;bastille - reorchestrated
ns8556;the wedding curse
hs1909;day of the falcon
ds267;star wars vintage: story of the faithful wookiee
ns4424;abcd: any body can dance
as8250;the last circus(english subtitled)
hs1415;first day
ns6418;capital in the twenty-first century
as1635;momo loves to dance
ds1414;wizards of waverly place: the movie
as5620;pinkfong! baby shark in summer time
ns7593;no reservations
as6985;thomas & friends 18, 19, 20, 21
ns7123;jealousy and medicine
as4635;magic max
ns4809;jani dueñas: grandes fracasos de ayer y hoy
ns8051;solo con tu pareja
as5771;the pizza joint
ns5125;seoul searching
ds935;hawaiian holiday
ns6273;before the flood
ns1275;canine intervention
ns1056;zoot suit
ns4606;thaandavam
ns2418;13 reasons why
ns2137;zoids wild
ns4938;ram dass, going home
as1327;pinkfong! baby shark nursery rhymes
as6501;wrong fires for right hopes
hs2949;ghost whisperer
ns1074;motu patlu kung fu kings 4 the challenge of kung fu brothers
ns8169;terra
ns3729;the end of evangelion
ns6600;devil's bride
as9375;prometheus (4k uhd)
ns1176;philomena
ns5061;fakkah fuzz: almost banned
as5079;gaurav gupta: market down hai
as2670;diana vreeland: the eye has to travel
hs2528;hello i must be going
ns8248;the christmas candle
as7998;the bygone
ns3591;til death do us part
as5612;the reunited states
ns2741;saint seiya
as4696;immortal combat: the code
hs817;hysterical
as4421;beautiful reborn flower
ds860;disneynature monkey kingdom
as1068;secret valley
as8539;murder town
hs1582;drug lords: the next generation
ns8121;sunrise
hs437;20,000 days on earth
hs1817;the cave
as8897;rise of the footsoldier: the heist
as6207;the death artist
as773;the aliens
hs873;staged
as507;the nurse
ns7908;russell madness
ds105;nona
ns827;bo burnham: inside
ns7856;rememory
ns5027;best lover
as7593;varuthapadatha valibar sangam
as4593;cup of love
as4096;grey eyes
ns742;blind intersections
hs1021;the sister
as889;stitches
as927;spies of warsaw
ns6251;bates motel
as7715;raymond & miguel
ns4950;fallet
ns1011;rudra: the rise of king pharaoh
as8356;a dot and a line
as4522;blame it on fidel
hs635;lego masters
ns5432;the russian revolution
hs2529;sister wives
as16;summer '03
as7295;the wasp woman
as5737;pinocchio (2020) (4k uhd) [english subtitled]
ds101;descendants: royal wedding
ns1620;oddbods
as4468;girl/girl scene - the movie
as1140;rolie polie olie
ds691;glory road
ns2221;ip man 4: the finale
ds41;under the helmet: the legacy of boba fett
as247;tv in black: the first fifty years
as4943;idi na selfie
ns5746;joe rogan: triggered
ns5082;rip tide
hs3035;the office (u.k.)
ds1209;star wars forces of destiny (shorts)
as6284;crossroads
as4889;a stone in the water
ns637;the ice road
ns3137;game
ns68;saved by the bell
hs962;house hunters international
as4823;the day of the living dead
ns4301;once in a lifetime sessions with onerepublic
ds1325;the proud family movie
as6423;first day of school with cocomelon
ns8162;tees maar khan
ns4691;bareilly ki barfi
as1064;secrets of the universe
as5556;the ultimate gift
hs1977;apple tree yard
as5851;lake of the woods
ns3914;hazaaron khwaishein aisi
as1609;morphle - building with morphle
hs1659;red dog
ns3153;my wife and i
ns3673;kidnapping stella
hs622;willy's wonderland
ns3612;misaeng
as8404;the love punch
as4905;nepotism
as3147;barney
as3432;a christmas princess
ns536;some assembly required
ns262;the secret diary of an exchange student
as6095;dabbe 5: zehr-i cin
ns8329;the gospel of mark
hs1877;justified en español
as2623;double daddy
as215;unity: the latin tribute to michael jackson
hs502;beats, rhymes & life: the travels of a tribe called quest
as2863;children of the corn
ns8591;tikli and laxmi bomb
as9294;the breaking point
as139;welliewishers
as4460;sweet home carolina
as2941;busy world of richard scarry
ns173;school of rock
as9063;the pudgie movie
ns413;chhota bheem and the incan adventure
as7114;guinevere
as3756;submergence
ds275;the mighty ducks: game changers
ns4861;aiyaary
as7131;vismayam
ns8790;you changed my life
ns3335;drive
ns1683;three words to forever
ds275;the mighty ducks: game changers
ns3441;rhythm + flow
ns7039;i am maris
ds718;a ring of endless light
ns5392;amrapali
as6401;kaatskill kannibals
ns3550;mi amigo alexis
as3538;15-minute full body chisel & burn 7.0 workout (with weights)
ns567;charlie's angels
ns3198;mahi nri
hs2125;the armstrong tapes
ns3209;chip and potato
as8468;nizhal nijamagiradhu
ns3620;i'm brent morin
hs219;hitman: agent 47
as5618;rewilding kernwood
as2597;duke is tops
ns5954;joseph: king of dreams
ns4877;dany boon: des hauts de france
ns6931;harold shipman - driven to kill
ns7397;mango dreams
hs1923;step dogs
ns3753;marvel's jessica jones
as8158;big mommas: like father, like son
hs2197;beat shazam
ns3959;ultraman
as4013;last chance café
ns3775;black mirror
hs2877;happyish
hs1136;brassic
as247;tv in black: the first fifty years
as3746;the cat in the hat knows a lot about space!
ns1283;zindagi in short
as8096;robocop: prime directives-crash and burn
as2860;chisholm '72: unbought & unbossed
as530;the moonstone
ns3857;what if?
ds227;the incredible hulk
ns849;master of none
as6668;the hackers
ns5273;veggietales in the city
as8040;fast getaway
as3547;15-minute cardio core 8.0 workout (with weights)
hs1768;big time adolescence
as8825;the celestine prophecy
hs1240;ayesha's home kitchen
as8796;vakeel saab (malayalam)
hs372;the fantasy show
as326;tio papi
as1766;magical girl site
as965;sng: don't come last
as8041;eddie izzard: definite article
as5162;i am not madame bovary
as8974;the waterfall murder
ns6741;farce
as2649;dirty pictures
ns4649;if i were an animal
as7943;on strike for christmas
ds627;toy story 4
as2237;heartbeats
ns8658;under an arctic sky
as6898;thought it was sweet
as6625;the campaign
as3815;marketing the messiah
ns3958;the trap
as1105;salome where she danced
hs2729;john ford goes to war
hs2883;the bravest knight who ever lived
as2288;grimm
as4208;brazilian empire
as6617;topper returns
ns1123;madam chief minister
hs1390;stars and strife
hs754;shahs of sunset
ns6253;battle creek
ns3022;steve jobs
ds423;back to the titanic
as7762;blue/orange
as493;the parallax view
as6103;american mobster: miami shakedown
as2319;gog
ns7183;khaani
ns1351;power rangers ninja steel
hs1815;mamon
ns4898;pocoyo special sports
as4864;time sleeper
ns794;fools rush in
as1341;petromax
as8730;abhiyude katha anuvinteyum
as7567;mirror image
as1237;pushpavalli (telugu)
ds1340;the sound of music
ns3928;new girl
ns7750;planet hulk
ns8247;the chosen ones
ns2698;tigertail
ns2158;wizards: tales of arcadia
as4788;clive barker's underworld
as5526;victoria
as6424;evil on queen street: bloodlust
ns1933;the boys in the band: something personal
ns1067;the soul
hs2700;difficult people
as3632;hot rod
ns8236;the calling
as5073;mitwaa
as5759;white blessing
hs950;kenan
as5875;the fabulous joe - in cinecolor! a talking dog comedy
hs2928;melrose place
hs541;sightseers
ns1925;we have always lived in the castle
as4903;pal joey
ns7377;magi: adventure of sinbad
as1048;sex ed
as6859;el lute ii: tomorrow i'll be free
as2371;generation war
ns1658;notes for my son
ns5582;the butterfly's dream
as4058;look again
as281;touch chesi chudu
as4124;real construction trucks for children - gecko's real vehicles
ns654;this is pop
as412;the tunnel
as2983;brad's status
ns5874;ip man
as2567;elayne boosler: party of one
as8174;the trough
ns5681;captive
as4759;swargakkunnile kuriakose
as3758;steve treviño: 'til death
ns2134;teenage bounty hunters
as5943;kaal
ns6080;abnormal summit
as5175;rakhwala
ns4279;aggretsuko: we wish you a metal christmas
as5498;one night
as2585;ed gamble blood sugar (4k uhd)
hs1069;centennial
ds1394;twas the night
ds972;jack
as1463;nursery rhymes - mother goose club playhouse presents rhyme with us!
as6741;misrule
as2376;gecko's garage vol 2
ds1124;phantom of the megaplex
hs980;line of duty
hs927;top chef
as3534;15-minute hiit 6.0 workout (with weights)
ns1419;chris rock total blackout: the tamborine extended cut
ns8600;toast of london
ns3629;léa & i
as2285;ground force
ns6416;candyman
ns3022;steve jobs
ns6131;amar akbar anthony
as2442;forrest shaw: poor decisions
ns6095;africa
as8276;rag and bone
as1200;real american hero
ns4563;dev.d
ns2121;les misérables
hs1450;no guns life
as6430;virus shark
as5811;la fille aux deux visages
ns8327;the gospel of john
as7859;fernando (dubbed)
as3419;a girl like her
hs2209;fairy gone
as5403;cries from the heart
as2482;fighting caravans
as8266;showdown at shelby's shack
as3266;anatomy of a psycho
ns479;biohackers
as4379;maguva disha marindhi
ns1380;black rose
ns2492;the school of mischief
as1799;love the one you're with
as5324;seeing the beginning of time
as833;sye raa narasimha reddy (hindi)
hs2127;astra lost in space
as6603;a werewolf in england
as8103;pokémon 3: the movie
hs1860;serie pokémon xy – expediciones en kalos
as1877;les savy fav
as2317;goin' south
as4849;contract lovers
as359;thomas & friends: king of the railway - the movie
as4040;15-minute cardio core 4.0 workout
ns732;love (ft. marriage and divorce)
hs919;ammonite
ns7468;miss representation
ns8113;suburra
as1385;panther's claw
ds1080;mickey's twice upon a christmas
ds312;wild uganda
ns5685;miss in kiss
ds409;ever after: a cinderella story
as7536;stolen innocence
ns3239;dolly parton's heartstrings
as3417;a haunting on brockway street
ds955;how to fish
as5338;baby shark & more kids songs (little treehouse)
hs2841;the goldbergs en español
ns6721;exit afghanistan
ds1435;smart guy
ns174;snervous tyler oakley
as421;the three drinkers do scotch whisky
ns7065;incomplete
ns4830;sunday's illness
as5549;wish upon a star
as203;v1 murder case (telugu)
as5409;the beach is my office
ns7468;miss representation
ns2135;the great heist
ns4002;green door
as4375;night of the bear
ns4854;mob psycho 100
ds764;brink!
ns390;the operative
as5012;penelope
as551;the magic lamp and the moving islands (dubbed)
ds296;cheaper by the dozen
hs2675;nobunagun
hs1674;digimon adventure 02
as7046;bite me
as8772;small apartments
as2617;down 2 come up
ns1706;the life ahead
hs1563;the hornet's nest
ns5944;adam: his song continues
as4408;six ball
as8955;elvira's movie macabre: the brain that wouldn't die
as4033;brian gaar: jokes i wrote at work
as167;waiting for lightning
as896;steve hofstetter: ginger kid
as8196;pet
ns1333;icarly
ns5237;beyblade burst
ds1261;the book of pooh
ds153;playing with sharks
ns5064;the adventures of puss in boots
as719;the christmas elves
as5474;supa strikas - one team one dream
ns7148;julie & julia
as6640;ink
ds476;hamilton: history has its eyes on you
ns5833;gridlocked
ns469;the guide to the perfect family
as5002;forbidden secrets
as7533;the stakeout
ns7300;life in the doghouse
ds715;a goofy movie
hs1504;most wanted sharks
hs39;chips
as683;the eleven
ns6869;goldie & bear
ns1989;the last word
as4993;a marriage of convenience
hs1264;the expendables 3
ns6201;avengers: infinity war
ns6918;hannibal
ns7194;kicking and screaming
ns5967;15-aug
hs1222;the cult of the family
as8346;amalia in the fall
ns7402;mantra
ns4692;mersal
as4959;atma vasikaranam
as769;the amazing world of war machines
ns584;no strings attached
as1907;lady valor: the kristin beck story
as4859;a quiet heart
ns8159;teenage mutant ninja turtles
hs58;bellator mma: davis vs. nemkov
hs2951;bleach
ns7881;rocky ii
ns3569;game over (hindi version)
as2952;bryan callen: man class
as5157;ceasefire
hs1837;charlotte
ns4001;5 flights up
hs1127;attack on titan
as6015;black bud
as6606;4x4
ns6918;hannibal
as1296;planet of the humans
as3539;15-minute full body challenge ii 6.0 workout (with weights)
ns8239;the carter effect
ns3970;traitors
hs963;kings of pain
ns8599;to wong foo, thanks for everything! julie newmar
as9646;let's go cozy coupe! - cartoons for kids
hs920;beirut
hs1244;christmas cookie challenge
ns1898;serious men
as104;wild colombia revealed
ns2963;miraculous: tales of ladybug & cat noir
hs2835;tears to tiara
as1220;rain on leaves (short)
ds547;prowlers of the everglades
hs282;i spit on your grave 2
ns3488;the grandmaster
ns6981;ho mann jahaan
as435;the story of egypt
ds1075;mickey's christmas carol
as7756;care
as3754;"tammy pescatelli's ""way after school special"""
as1273;pramface
ds814;dinosaur
hs1085;where hope grows
as8104;planet of the apes (2001)
ns2585;material
ns1317;mundina nildana
ns5628;cristela alonzo: lower classy
as8447;beate
ns2657;the willoughbys
ns5950;too young the hero
hs553;the mighty ones
ns5818;jim gaffigan: mr. universe
ds185;disney raven's home
hs497;almost human
ns3181;a christmas prince: the royal baby
ns2286;players
ns8224;the brave one
as6633;pinkfong! job songs
as8701;doggin' around
hs556;they came together
ns2925;french toast
ns345;my girl 2
ns3461;salam - the first ****** nobel laureate
ns7399;manolo: the boy who made shoes for lizards
ns7733;peter rabbit
as1155;ride
hs1086;bayou caviar
ns1816;the magic school bus rides again the frizz connection
ns3354;zoé: panoramas
as83;wizard of loneliness, the
ns6266;beauty and the bitches
ns2689;moms at war
as542;the men who built america
ns2420;big stone gap
hs303;the glass house
as7701;the glass house
as7377;the adventurers
as2006;jonas kaufmann - a global star in private
as9562;book of fire
as886;storage wars new york
ns8625;tremors 4: the legend begins
as8381;paper dragons
as4780;interviewing monsters and bigfoot
ns400;masters of the universe: revelation
as8222;yoyo
ns3595;90 ml
ns7289;lego friends: girls on a mission
as7981;where the day takes you
ds228;fantastic four: rise of the silver surfer
as6754;beware of dog
ds58;thumbelina
hs1527;dicktown
as1839;little sweetheart
ns8123;super bheem bana vajraveer
ns3580;green frontier
as1363;pattern is movement
as1087;school spirits
as2422;friday night dinner
ns4895;pocoyo carnival
as3152;barbie dreamtopia
ns5236;26 years
ns4217;déjà vu
as6422;fun2ssh
hs2064;basketball wives la
as2322;go with yoyo! exercise, yoga and mindfulness for kids
ns4022;seven sundays
as1832;liz stewart: i'm crowning
hs574;tulsa burning: the 1921 race massacre
as4579;jugni
as6647;five grand
as3012;bob the train - non stop
ns5557;the discovery
as868;suits
as9450;ide antaranga shuddhi
as6381;lurking woods
hs2152;spacex tess live launch coverage
ns205;kyaa super kool hain hum
ns660;bangkok love stories: innocence
as4057;manhunt: search for the night stalker
as7601;the hawk
as7642;burton and taylor
as9240;bullets don't argue
ns2733;kal ho naa ho
as8553;drive by
hs2037;cannabis evolution
ns4555;parrot sketch not included: twenty years of monty python
as5185;glitch!
ns3312;minimalism: a documentary about the important things
as2198;home for the holidays
as5963;craig ferguson: i'm here to help
hs82;chasing papi
as3718;tom papa: human mule
hs2721;underground
as1051;series_project_un_test_uhd
ns6658;earth to echo
as6505;when we are right
hs1690;spaceship earth
ns1212;mucize
ns6726;eyyvah eyyvah
as8548;giant little ones
as8230;thuppakki munai
ns8606;top grier
as716;the collector
as9534;quantum of solace
as818;tamara
ns2445;cardcaptor sakura
ns5956;splatter
as6531;singam123
ns797;hostel: part iii
ns6768;flash of genius
hs1294;cheerleader generation
ns6472;chingo bling: they can't deport us all
hs368;the virtuoso
ns3140;honeymoon travels pvt. ltd.
as3730;the outdoorsman
ns4837;the staircase
hs1310;the voice
ns7060;in between
as5236;antardwand
as4516;iceberg
ns3473;rugrats in paris: the movie
as6240;frankie & alice
hs808;the world ends with you: the animation
hs425;best summer ever
ns6727;eyyvah eyyvah 2
as2157;i am road comic
ns3558;travis scott: look mom i can fly
as959;snowden
ns5595;trevor noah: afraid of the dark
as7590;villavan: the vigilante
ns7581;newtown
ds1022;lilo & stitch 2: stitch has a glitch
as2974;breakfast in hollywood
as9234;butterflies
as822;take us home: leeds united
ns6945;he named me malala
as5290;don
as4200;dudes & dragons
ns6043;a kind of murder
ns5792;tomasz jachimek, jacek stramik laugh at live
ns2005;wish upon a unicorn
ns4481;ronnie coleman: the king
as9178;interview
ns7646;oh my ghost 4
ns5482;chamatkar
as5075;looloo kids
ns3580;green frontier
ns3145;potato potahto
as1280;port of new york
ns1852;one on one
ns740;wish dragon
as8609;without consent
as9558;date night: world premiere
as3522;15-minute upper body sculpt 2.0 workout
as4880;kuriyan jawan bapu preshaan
as4239;nursery rhymes volume 11 by little baby bum - animals
as6655;bunty aur babli
as3564;10 things you don't know about
ns5444;1898: our last men in the philippines
ds1074;mickey's birthday party
as7340;jurassic attack
as7050;annie hall
ns3152;a trip to jamaica
as2783;cosmic kids yoga adventures
ns5534;sandy wexler
as4189;sumukhi suresh - don’t tell amma
as7432;10/31 part 2
as4272;the evening star
ns8790;you changed my life
as8349;25 sets
as5928;pororo movie - pororo vs shark
as9286;the prophecy
ds144;built for mars: the perseverance rover
hs320;spell
ns7723;pee-wee's playhouse: christmas special
as3697;anbirkiniyal
as3195;au revoir simone
as2625;dora the explorer
as9572;the starving games
as8075;the river murders
ns3505;fastest car
hs2557;the glades
as6602;abducted: the jocelyn shaker story
as6472;vathikuchi
ns3536;american factory: a conversation with the obamas
ns808;seven souls in the skull castle: season moon kagen
ns4599;pizza
as3613;nightmare at bitter creek
ns422;chhota bheem: dus pe dus
hs1879;gold rush: dave turin's lost mine
as4869;the husband's lethal intentions
as3472;30 minutes of water in nature
ns2716;agneepath
as6128;factory girl
ns3239;dolly parton's heartstrings
as5328;musclecar
as8147;clockwise
ds132;x-men
as192;very superstitious with george lopez
ns3292;put your head on my shoulder
ns3764;elisa & marcela
ns7822;rahasya
ns1189;get the goat
as7430;54321
hs1228;your voice, your vote: election 2020 - a special edition of 20/20
ns531;richie rich
as3950;the evil that men do
as9443;moonwalkers
ds1439;those calloways
as1850;little baby bum - christmas holiday songs for kids
ns5083;disjointed
as6388;abbott & costello christmas show
as1156;rickover: the birth of nuclear power
ns953;the whole nine yards
hs870;holmes family effect
as956;soapdish
hs519;factotum
hs2706;bordertown
ns4113;ugly aur pagli
hs2485;neat: the story of bourbon
ns1457;into the wild
as9441;nicholas nickleby
as8296;loving
ns2703;tiffany haddish: she ready! from the hood to hollywood!
as6037;gracie!
ns5307;offline - das leben ist kein bonuslevel
hs995;modern family
ns8068;spider-man 3
as4296;bank alarm
ns4164;z nation
ds764;brink!
as4573;morphle - adventures of mila and morphle
ns7019;how to make an american quilt
ns3811;born in syria
ns6930;harold and lillian: a hollywood love story
ns4532;lost song
as4023;heart of the rockies
as3895;crazy kind of love
hs385;21
ns8746;willy wonka & the chocolate factory
as5386;trishna
as7354;sunshine superman
ns4172;the perfect match
ns1570;masameer classics
ns4584;main, meri patni aur woh
as4533;one of her own
as5018;loli paradicka
ns8206;the battle of midway
ns6293;beyond all boundaries
ds793;cinderella
ns8398;the lizzie borden chronicles
ns120;here and there
as7308;nurses do it better
as2559;elon gold: chosen & taken
as4787;double edge
as9415;tuhya dharma koncha
as2028;jim gaffigan: noble ape
as6021;walter's war
ns1718;the liberator
ns8086;station horizon
as2973;breaking & exiting
as7520;he who can't marry
as1792;lucifer (malayalam)
ns6240;barbie: a fairy secret
ns7725;penelope
as3694;ardab mutiyaran
as7977;young frankenstein
hs2179;the bravest knight
as1058;selena's secret
ns5687;the cuba libre story
as7611;rogue
hs1214;small business revolution - main street
ns724;the american bible challenge
as6066;zomblies
ds1394;twas the night
as175;volcano: fire on the mountain
ns8764;wwii: report from the aleutians
as8161;back to the rafters
ns4783;the legacy of a whitetail deer hunter
ns7648;oklahoma city
as4547;the sword and the brocade
hs2461;corazón valiente
ns2034;la línea: shadow of narco
ds703;the wonderful world of disney presents the little mermaid live!
ns804;ouran high school host club
as844;superships
ns5263;terrace house: aloha state
ns4210;next enti?
ns2367;alexandria: again and forever
ns5234;the death and life of marsha p. johnson
as216;unforgotten
as7748;every time i die
hs829;chopped sweets
as1846;little baby bus and friends
hs783;sister of the groom
ns440;deep
hs933;neil young: heart of gold
ds1046;marvel studios' guardians of the galaxy
as3497;2019 avp huntington beach open - day 2
as7791;packed to the rafters
ns3589;cannon busters
as7756;care
as1150;ritual
hs1342;the comedy store
ns4374;puppy star christmas
as8266;showdown at shelby's shack
ns2424;supernatural
ds228;fantastic four: rise of the silver surfer
as8767;true tori
ns8266;the dancer
hs1596;la 92
as5635;elyse
hs1914;into the ashes
ns7685;our house
as7330;the refractor
ns7736;philadelphia
as432;the submarine kid
as4402;adrift in soho
ns6631;don't knock twice
as7528;after masks
ds510;chasing the equinox
as8294;magic magic
as7704;the adventures of robert louis stevenson
ds601;disney i didn't do it
hs1030;rob riggle: global investigator
ns2841;angu vaikuntapurathu (malayalam)
as4390;goodbye, butterfly
as1588;moving half the mountain
as3988;the glorias
as4964;toys storage 2
hs2575;cold case files
ns4955;om shanti om
hs1293;born behind bars
hs987;sister, sister
ds290;mickey go local
as5195;trumbo
as3750;the amazing mr. blunden
ns5903;h2o: mermaid adventures
as7182;best of enemies
ns4936;amateur
as7435;vazhkkai
as7067;tracers
ns5318;berlin syndrome
as60;xchange
ns1788;metallica through the never
as2239;health
as8552;dungeon girl
ns5379;d.l. hughley: clear
as2911;card sharks with jim perry
ns4801;tum milo toh sahi
as1594;mountain patrol
as9419;the slime people
ns4651;show me the money
as9086;terror in a texas town
as7696;the lost world
ns7945;satte pe satta
ns1954;my mother's wound
ns5085;the polka king
as8919;sergei: unplugged cinema by shailendra singh
as7421;bhakta prahlada
as5015;mobutu's african movie theater: episode 5
as6285;case 219
ns3443;the spooky tale of captain underpants hack-a-ween
as2714;dark/web
hs1310;the voice
as19;zoë coombs marr: bossy bottom
as1795;loveyatri - the journey of love
as1990;just add magic: mystery city
as7979;winning of the west
as7264;the gigolo
as6590;cafe midnight
as444;the snows of kilimanjaro
ns2854;fat ballerina - david a. arnold
as5724;devil's island
ns6027;9 months that made you
as6390;little women
ns5840;sofía niño de rivera: exposed
as3931;against a crooked sky
as6835;where is chicky? - chapter five
ns8613;train of the dead
as7986;thy neighbor
as5269;mardaani
as3755;surviving christmas
as6148;the naked kiss
ns5457;michael lost and found
as1456;nursery rhymes volume 3 by little baby bum
ds208;american eid
ns1622;quigley down under
ns3149;what's new scooby-doo?
as3341;alaska off-road warriors
as5452;south sea adventures - a colorful dramatized travelogue featuring the pacific islands
as3344;aida's secrets
as2631;dominique witten: stop me when i'm lying!
as7621;kodiveeran
ns1084;the stand-in
as8711;call me king
ns1127;my fair lady
ns5071;love and hong kong
as9362;tiktok
ds111;pirates of the caribbean: on stranger tides
ns7445;menorca
ns1284;the conjuring
as7484;nick cannon: stand-up, don't shoot
ns7375;madre
as2450;flying deuces
ns2648;my stupid boss 2
as4567;pinkfong! if sharks are happy
as2560;eloise at the plaza
ns5535;macho
ns1578;emicida: amarelo - it’s all for yesterday
as6426;darling nikki
hs1804;utopia falls
ns2697;the trial
ns6022;6 days
hs2711;johnny guitar
as1018;shottas
as7906;the courier (2021) (4k uhd)
hs428;the good traitor
ns4632;rafinha bastos: ultimatum
hs1531;hobbykidstv smiles & smarts by pocket.watch
hs668;the adventures of tintin: the secret of the unicorn
hs1610;why we fight
ns4003;bombairiya
ns4161;surga yang tak dirindukan
as1243;pull of the north
as3951;the days of noah: the flood - part 1 of 4
hs1790;ok k.o.! let's be heroes
ns7797;princess cyd
as7309;kuruthi
as7046;bite me
ns8303;the five
as732;the bold and the beautiful
hs1585;brockmire
as5698;the great waves
ds110;far away from raven’s home
hs1589;pan
ns7262;lady bloodfight
as357;thomas & friends: tale of the brave - the movie
as8888;tuck jagadish (kannada)
hs1342;the comedy store
ns8418;the mayo clinic
ns6331;blackway
ns1922;the outpost
as7117;gajaar: journey of the soul
as543;the marvelous mrs. maisel
as662;the fighting kentuckian
ns8619;trash fire
as3705;willie barcena: the truth hurts
as1598;mother (silent)
ns6776;footprints: the path of your life
hs1794;bad banks
ns6370;brampton's own
as1279;portastatic
ns2212;romance doll
as8899;ong bak 2
ns6247;barsaat
ns7513;morya
as5982;fugitive pieces
hs1865;the asterisk war
as5049;falco
as4350;look away
as1679;micheal jordan: come fly with me
ns3128;cinderella and the four knights
ns6759;first impression
ns6733;fake or fortune?
ns2043;cleverman
ns7589;ninja hattori
as4317;never grow old
ns7913;s.w.a.t.
ns7786;power rangers zeo
ns4371;the tribe
ns3935;time: the kalief browder story
ns1113;woody woodpecker
as5005;troy the train
as1273;pramface
ns5908;advantageous
ns3119;after the raid
hs2125;the armstrong tapes
as2904;cartoon classics - vol. 2: 25 favorite cartoons - 3 hours
as9506;hatched
ns5274;ghost of the mountains
as8163;any last words?
ns3633;sleepless society: nyctophobia
as8811;i'll follow you down
as43;yoga therapy for back pain, neck pain & stress relief - lindsey samper
ns6527;concussion
as7989;the rocket
ns4936;amateur
ns6694;encerrados
as6902;siddhi seere
ns7635;obvious child
ns524;marcella
ns636;here comes the rain
as1517;naughty or nice
ns5684;white rabbit project
as7823;byron
hs117;scb: calzaghe vs. lacy
ns8431;the muppets
as2961;bring it
ns5967;15-aug
as7980;win by fall
hs54;abc news live prime with linsey davis
ns1520;mukhsin
as4464;left behind: the movie
hs2287;the pillars of the earth
as7329;the woman in the window
ns5763;be with me
ns3465;engineering girls
hs2224;superstructures: engineering marvels
ns4788;joan rivers: don't start with me
as8090;scare campaign
as7840;paranormal signs investigations
as5037;protibimbo
hs3012;tiger & bunny
ds665;hacksaw
ds1159;red's dream
as1593;mourning son
as370;these three
ds51;x-men: first class
as2187;horrid henry
ns473;ridley jones
ns1105;an american girl: mckenna shoots for the stars
as4024;half of a yellow sun
as3061;birdy
ns6416;candyman
ns302;chennai express
as5699;southland bounty hunters
ns5407;unriddle
ns4834;alex strangelove
as1598;mother (silent)
hs1627;hail columbia!
ns4905;running shaadi
as766;the american west
ds1174;sacred planet
ds803;crash & bernstein
hs2463;the librarians
ds1213;star wars: attack of the clones (episode ii)
as7470;cruel intentions 3
as7617;moral stories for kids
ns7212;kings
as9095;still of the night
hs1176;a christmas movie christmas
hs3034;desert punk
as5147;odd squad - the world turned odd
as1419;one on one
ns1986;horrid henry's gross day out
as4656;tom segura: completely normal
as7075;old house
ns6053;a perfect man
as8064;yellow brick road
ns7279;leapfrog: sing-along, read-along
ns6078;abdo mota
ns6629;don't crack under pressure ii
as5950;gumrah
ns5901;wet hot american summer
ns1180;mighty morphin power rangers
as9163;lego monkie kid - us
as2786;corporate
ns2548;have a good trip: adventures in psychedelics
hs2460;lost en español
ns1120;into the grizzly maze
as1282;porky's ii: the next day
ns7857;republic of doyle
ns2924;sleepless society: insomnia
ns3194;high end yaariyan
ds359;marvel's 616
as7479;standing in the shadows of motown
ns4582;lock
as2972;breathe
ns8100;straight up
as9466;cbgb
as1799;love the one you're with
ns3612;misaeng
hs1897;rellik
ds335;into the woods
hs2421;training days: rolling with the tide
as8268;season for love songs
ns3322;legends of the hidden temple
hs2852;shomin sample
as1159;rick stein's long weekends
ns6339;blue is the warmest color
ns7760;powder
ns6904;héroes
ns689;kambili: the whole 30 yards
ns3550;mi amigo alexis
ns415;chhota bheem aur hanuman
ns7569;nature: animals with cameras
as6245;ester steinberg: burning bush
ns466;heist
as7078;japanese story
ns8142;sword master
as9383;held up
as558;the little prince
ns4620;hold the dark
as405;the underground railroad
ns6527;concussion
ns2991;die ontwaking
ds367;home alone 3
as8542;let's play guess what i am
ns1260;captain fantastic
as8030;kaul manacha
ns6662;east side sushi
hs1708;f the prom
hs570;tmz investigates: ufos: the pentagon proof
ns5440;my only love song
ns2119;glitch techs
ns2545;action replayy
ns6542;crd
ns1955;sneakerheads
as9628;thalaivii (tamil)
ns1421;crack: cocaine, corruption & conspiracy
as386;the woman who wasn't there
ns2854;fat ballerina - david a. arnold
ns2334;ordinary people
hs3071;the fades
ns5998;2015 dream concert
as3619;midsommar (4k uhd)
ns1285;the conjuring 2
as2345;girl/girl scene
as1136;rome - empire without limit
ds1199;smash and grab
as6809;dabangg 3 (tamil)
as5643;yakov smirnoff: what a country!
ns4137;dear ex
as1795;loveyatri - the journey of love
ns3318;big time movie
as6655;bunty aur babli
as5041;love is blind
as9544;like father like son
ns1992;criminal: uk
ns6306;big fat liar
as4288;go / don't go
as8374;the king & i
as6396;saving face
hs2361;flesh & blood
hs2775;barbarians rising
as6353;manipulated
ns4747;kath & kimderella
as8945;me, myself, and i
hs1859;serie pokémon xy
ns7035;hypersomnia
as9214;dolls
ns6069;a.m.i.
ns3855;in the bosom of a thorn
hs1598;a beautiful planet
as5723;el duende satiro
ds599;be our chef
as7443;naalayak
ds239;ducktales
ns6993;hoodwinked too! hood vs. evil
ns2696;the main event
ns3597;hasta los dientes
ns7122;jay and silent bob strike back
hs2246;assassination nation
ns426;chicago med
as2822;clip: elsa from frozen cooking show game
as1439;of two minds
ns6250;bat pat
as7624;killer among us
as4655;war (hindi)
as5147;odd squad - the world turned odd
as3867;fun with dick and jane
ns458;lift like a girl
ns4256;life ki toh lag gayi
ns3947;possessed
as2497;favorite nursery rhymes
as8099;retreat
as2995;bottom
hs1354;guess who
ds678;george of the jungle 2
ns626;somos.
as3731;the night watch
as5906;the parish
ns6597;detention letter
as7972;fair play
as2467;first winter
as4632;rock n' roll christmas
ns7018;how to live mortgage free with sarah beeny
as6151;shotgun
as8793;babysitter must die
as1841;little men
ns4567;freedom at midnight
as7905;the good night
as3765;sophie and the rising sun
as8769;the diesel mystery
ns7311;listen up! the lives of quincy jones
ns4009;jeff dunham: controlled chaos
ns3735;cop car
ds132;x-men
as8049;breakout (1975)
as2859;chitralahari
ns4667;garbage
ns2314;say i do
ns5102;fun mom dinner
ns299;quam's money
ns1495;we can be heroes
as424;the terror routes
as1187;relaxing beaches with music
hs612;her name is chef
ns8041;slobby's world
as6983;venom coast
as3228;archive of world war two - tunisian victory
as5051;cinemavala
as9113;rugrats go wild
as1113;saaho (malayalam)
as8565;villa bella
ns495;rock the kasbah
as4555;steve lemme & kevin heffernan: the potential farewell tour
as9031;bicycle kick
ns5165;jim & andy: the great beyond - featuring a very special, contractually obligated mention of tony clifton
as4782;gulaebaghavali
as2531;exit clov
ns6332;blaze
as4301;world trade center
ns4751;el chapo
as1688;megastructures dubai
as1074;second  war diary - the war day by day
ns5918;ralphie may: unruly
ns4479;dreamworks spooky stories
as1854;lincoln@gettysburg
ns8609;total frat movie
ns2068;fate/grand order -first order-
hs1766;gravity
as2261;hanover street
as104;wild colombia revealed
ns5698;across grace alley
ns418;chhota bheem in african safari
as883;storm boy
as469;the retrievers
hs2498;el señor de los cielos
ns590;red joan
ns4041;that thing called tadhana
ns7876;road to yesterday
hs41;in the crease
ns5034;fullmetal alchemist
as1651;miss truth
ns1598;you are my home
ns8582;thor: tales of asgard
ns569;dennis the menace
as3918;babe ruth story
hs1623;childrens hospital
as516;the new yorker presents
ds857;disneynature born in china
hs2945;dr. seuss: the cat in the hat
ns6377;brick
hs1689;delivered
ns6596;desolation
ns4948;a sort of family
ns8450;the pelican brief
ns5880;the ridiculous 6
ns4501;the night comes for us
as6193;wish you were here
hs457;the keeping room
ds247;primal survivor
as1325;pinkfong! baby shark special
as7555;anatomy of a love seen
as6231;introspectum motel
ns5991;14 blades
ns6624;domino
as6032;life itself
ns5083;disjointed
ns8550;the vietnam war: a film by ken burns and lynn novick
as476;the pyramid - finding the truth
as1038;shao lin temple
ns7231;krish trish and baltiboy: face your fears
hs2420;la impostora
as5359;christmas time with little baby bum
ns4273;love @ seventeen
ns4060;paranormal investigation
as8035;hey jude
ds1374;tinker bell and the lost treasure
as2170;hud
ns1669;heart & soul
ns7667;one strange rock
as7985;vasanthi
as6815;the stalker
as3851;himalayan singing bowls 9 hours
as6920;citizens of the world
hs663;rules of engagement
hs1465;el embarcadero
as5466;this world won't break
as8457;thirst street
hs1552;family by the ton
as6473;udhayam nh4
as2487;fever pitch
ns5828;lego bionicle: the journey to one
hs2680;the devil is a part-timer!
ns4489;ask the doctor
as7772;ammani
ns5173;bon cop bad cop 2
hs2338;adventure time
ns107;bunk'd
ns7144;juana inés
hs2198;ben is back
ns80;tughlaq durbar (telugu)
ns8446;the other guys
ns1396;hello ninja
as3536;15-minute hiit 1.0 workout
as5628;jurassic dinosaur playtime! t-rex ranch
ns5756;mascots
as9436;picasso
as2845;christmas finger family and more
ds1117;paris to pittsburgh
as1737;marine recon
as5666;beautiful boy
ns5076;tiempos de guerra
ds1441;disney mech-x4
ds203;gordon ramsay: uncharted
ns5461;oh darling yeh hai india
ns896;oxygen
ns3835;the great magician
ns2448;dear my friends
as2342;girls in chains
as2716;dark angel
hs2268;jamie's quick & easy food
as4447;everybody changes
ns6325;black man white skin
as3216;arpo the robot for all kids - burglary alert & more robot cartoons
as5060;color crew - all about colors (spanish audio)
ds490;man in space
ns4455;oye lucky! lucky oye!
as7001;secret window
as7601;the hawk
as7930;action figure adventure
hs2088;pure
hs84;clifford
hs2114;bem
hs3055;hey arnold!
hs2594;the unit
hs1366;stripped: los angeles
ns6860;god knows where i am
ds1410;winnie the pooh: a very merry pooh year
as8507;the riverman
ds896;food for feudin'
as3269;an american carol
hs1430;bucket list bistro
ns7655;once in a lifetime sessions with moby
ns6936;hart of dixie
as4307;the pollinators
as5276;kabhi kabhie
ns1243;murder among the mormons
ns5380;tom segura: completely normal
as7456;sweet country
as4924;the ultimate mixologist
as8630;the good policeman
as3566;10 little buses & more counting songs for kids - kiiyii
ds203;gordon ramsay: uncharted
ns5505;kiss & cry
as1003;silver wolf
ns3998;imago
ns6662;east side sushi
ds608;the sandlot: heading home
ns1635;the uncanny counter
as3476;30 minutes of relaxation
as4849;contract lovers
as9357;zombie massacre
as1063;section 375
ns1986;horrid henry's gross day out
as9577;the a-team
hs2821;hunderby
as6994;something wild (1986)
as1789;lucky texan
hs1706;darwin's game
as4094;mummy dearest
as3002;bordertown: laredo
ns3300;u turn
ns6340;blue jasmine
hs2539;legends
ns3449;brother in love
ns7448;merlí
ds171;world's most dangerous shark?
ns1283;zindagi in short
as7635;daphne
as4113;the girl is in trouble
ds1174;sacred planet
ns3973;danur: i can see ghosts
ns7095;iqbal
as7198;panjavarnakili
ns5879;mike epps: don't take it personal
as5072;out of time
ds133;america's funniest home videos: animal edition
as6167;braceface
ns1906;cold harbour
ns904;nayattu
ns4290;dragons: dawn of the dragon racers
ns3245;shelby american
ns3477;the squid and the whale
as8433;queen - the making of a night at the opera (classic album)
ns208;mission istaanbul: darr ke aagey jeet hai
as125;when in your reflection
ns3698;war against women
ds1111;once upon a mattress
as6886;kaashi in search of ganga
ns247;man in love
ns6040;a haunted house
as2561;elliott smith - heaven adores you
as2196;homecoming
ns8339;the haunting of molly hartley
as8514;kottai vaasal
ns6751;filinta
as6099;blood on the deck
as8919;sergei: unplugged cinema by shailendra singh
hs793;younger
as7466;malicious
as8619;thin ice
ns6794;fracture
ns3891;njan prakashan
as9041;write to kill
as9300;sins of desire
ns301;vivo
as4258;centipede
ns5025;marlon wayans: woke-ish
ns2310;ali baba ve 7 cüceler
as3158;bananas in pyjamas live action
ns1872;super monsters: dia de los monsters
as3791;promises
ns124;luv kushh
as5480;vice president kamala harris: chase the dream
ns4130;safe
ns2008;dad wanted
hs1071;diary of a wimpy kid
as5793;razia sultan
as7888;it had to be you
as7721;now go build with werner vogels
as6181;krishna mukundham
ns7729;perfect stranger
as4938;mitzi gaynor razzle dazzle! the special years
ns2605;a secret love
hs464;47 meters down
ns5519;vir das: abroad understanding
as1502;new words with joey's toy box series
hs450;sonny boy
hs579;the chris rock show
ns6166;angry indian goddesses
ds210;dinner is served
as5074;lost in thailand
as4142;in remembrance of martin
ns6753;filosofi kopi the movie
ns4222;merku thodarchi malai
hs2038;missing link
ns6433;catching the sun
hs1312;supermarket sweep
as9533;quantum of solace (4k uhd)
as131;what went wrong: countdown to catastrophe
as3588;the mothman of point pleasant
ds822;disney ducktales (shorts)
as256;truth seekers
as1885;legend of bruce lee
as7559;the midwife
as8182;the burrowers
ns7206;kills on wheels
ds964;inspector gadget 2
hs619;rūrangi
ns7326;lo que la vida me robó
ns6670;ek hasina thi
as96;william and kate: into the future
ns3654;comedians in cars getting coffee
as5147;odd squad - the world turned odd
as659;the first american
hs492;the right one
ns3373;dolemite is my name
hs2787;the aliens
as8901;mojin: the worm valley
hs132;star trek: insurrection
as1032;shaun the sheep - the farmer's llamas
as6658;bala
ns1713;ludo
ns628;the daily life of the immortal king
as3876;everything and nothing
hs210;soul of a nation presents: corazón de américa -- celebrating hispanic culture
hs2652;eden of the east
hs958;ancient aliens
ds505;the liberty story
as4440;love life & pakodi
as6877;the misadventures of mistress maneater
as7534;the pearl
as284;tortilla soup
ns5911;hot girls wanted
ns776;a perfect ending
ns6725;extras
as3712;until september
hs1599;destiny in space
ns8158;teenage cocktail
as8919;sergei: unplugged cinema by shailendra singh
as1870;lies & alibis
as3129;bear's wild weekends
ns736;sarbath
as2692;death of a black panther: fred hampton
ds152;ice age: the meltdown
as2389;gangstars (telugu)
ns7295;let there be light
ns5641;we're lalaloopsy
as3054;black robe
ns5870;turbo fast
hs146;the perfect holiday
ns3610;let's eat 2
as9010;martha of the north
as6357;her name was jo
as3386;a trip through lake tahoe
as4415;mean man: the story of chris holmes
as4346;the council
ns1354;beverly hills ninja
ns3608;dollar
ns4913;the week of
as1425;one great love
as7532;victoria small
ns279;lokillo: nothing's the same
ns3183;v wars
ns7362;lupt
hs2860;k
ns458;lift like a girl
as5347;taqdeerwala
ds1203;so weird
ds1023;lizzie mcguire
